5339404,original,international_class,G06F
5339404,reference,international_class,G06F
5339404,reference,international_class,G06F
5339404,reference,international_class,G06F
5339404,reference,international_class,G05B,international_class,G06F
5339404,reference,international_class,G05B,international_class,G06F
5339404,reference,international_class,G06F,international_class,H03M
5339404,reference,international_class,G06F
5339404,reference,international_class,G06F
5339404,reference,international_class,G11C,international_class,G06F
5339404,reference,international_class,G06F
5339404,reference,international_class,H04L,international_class,G06F
5339404,reference,international_class,G11C,international_class,G06F
5339404,reference,international_class,G06F
5339404,referenced_by,international_class,G06F
5339404,referenced_by,international_class,G06F
5339404,referenced_by,international_class,G11C,international_class,H05K
5339404,referenced_by,international_class,G06F
5339404,referenced_by,international_class,G06F
5339404,referenced_by,international_class,G06F
5339404,referenced_by,international_class,G11C,international_class,G06F
5339404,referenced_by,international_class,G06F
5339404,referenced_by,international_class,G06F
5339404,referenced_by,international_class,G06F
5339404,referenced_by,international_class,G06F
5339404,referenced_by,international_class,G06F
5339404,referenced_by,international_class,G06F
5339404,referenced_by,international_class,G06F
5339404,referenced_by,international_class,G11C,international_class,G01R
5339404,referenced_by,international_class,H04L,international_class,G06F
5339404,referenced_by,international_class,G11C,international_class,G06F
5339404,referenced_by,international_class,G11C,international_class,G06F
5339404,referenced_by,international_class,G06F
5339404,referenced_by,international_class,G06F
5339404,referenced_by,international_class,G06F
5339404,referenced_by,international_class,G06F
5339404,referenced_by,international_class,G09G
5339404,referenced_by,international_class,G06F
5339404,referenced_by,international_class,G09G
5339404,referenced_by,international_class,G09G
5339404,referenced_by,international_class,G09G
5339404,referenced_by,international_class,G06F
5339404,referenced_by,international_class,G06F
5339404,referenced_by,international_class,G06F
5339404,referenced_by,international_class,H04L,international_class,G06F
5339404,referenced_by,international_class,G06F
5339404,referenced_by,international_class,G06F
5339404,referenced_by,international_class,G06F
5339404,referenced_by,international_class,G06F
5339404,referenced_by,international_class,G06F
5339404,referenced_by,international_class,G06F
5339404,referenced_by,international_class,G06F
5339404,referenced_by,international_class,G06F
5339404,referenced_by,international_class,H03K
5339404,referenced_by,international_class,G06F
5339404,referenced_by,international_class,G06F
5339404,referenced_by,international_class,G06F
5339404,referenced_by,international_class,H04L,international_class,G06F
5339404,referenced_by,international_class,H02H
5339404,referenced_by,international_class,G06F
5339404,referenced_by,international_class,G06F
5339404,referenced_by,international_class,G06F
5339404,referenced_by,international_class,G06F
5339404,referenced_by,international_class,G06F
5339404,referenced_by,international_class,G11C,international_class,G01R,international_class,G06F
5339404,referenced_by,international_class,G06F
5339404,referenced_by,international_class,G06F
5339404,referenced_by,international_class,G06F
5339404,referenced_by,international_class,G06F
5339404,referenced_by,international_class,G06F
5339404,referenced_by,international_class,G06F
5339404,referenced_by,international_class,G06F
5339404,referenced_by,international_class,G06F
5339404,referenced_by,international_class,G06F
5339404,referenced_by,international_class,G06F
5339404,referenced_by,international_class,G05B
5339404,referenced_by,international_class,G06F
5339404,referenced_by,international_class,G06F
5339404,referenced_by,international_class,G06F
5339404,referenced_by,international_class,G01R,international_class,G06F
5339404,referenced_by,international_class,H03K,international_class,G06F
5339404,referenced_by,international_class,G06F
5339404,referenced_by,international_class,G06F
5339404,referenced_by,international_class,G06F
